{"średni poziom energi: ":148.6164383561644,"Liczba genu 1: ":126,"Liczba genu 0: ":438,"Liczba genu 3: ":383,"Liczba genu 2: ":286,"Liczba genu 5: ":280,"number of Grasses: ":551,"Liczba genu 4: ":345,"Liczba genu 7: ":299,"Liczba genu 6: ":179,"number of Animals: ":73,"średnia liczba dzieci: ":2.2739726027397262,"średni wiek: ":269.3835616438356}