{"średni poziom energi: ":161.28571428571428,"Liczba genu 1: ":89,"Liczba genu 0: ":48,"Liczba genu 3: ":67,"Liczba genu 2: ":102,"Liczba genu 5: ":61,"number of Grasses: ":951,"Liczba genu 4: ":158,"Liczba genu 7: ":80,"Liczba genu 6: ":67,"number of Animals: ":21,"średnia liczba dzieci: ":2.4761904761904763,"średni wiek: ":182.8095238095238}